<ncs-package xmlns="http://tail-f.com/ns/ncs-packages">
  <name>MF-hierarchical-L3vpn-PWHE-evpn-vpws</name>
   <!-- v1.2 - Renamed service package from l3vpn-pwhe to MF-hierarchical-L3vpn-PWHE-evpn-vpws -->
   <!-- v1.1 - Added vrf with address-family and route-target-->
  <package-version>1.2</package-version>
  <description>Generated Python package</description>
  <ncs-min-version>4.5</ncs-min-version>
  <component>
    <name>main</name>
    <application>
      <python-class-name>MF_hierarchical_L3vpn_PWHE_evpn_vpws.main.Main</python-class-name>
    </application>
  </component>
</ncs-package>
