<ncs-package xmlns="http://tail-f.com/ns/ncs-packages">
  <name>as-path-set-service</name>
  <package-version>1.0</package-version>
  <description>Initial release of as-path-set-service package. This service package helps deploy as-path sets on the IOS-XR devices</description>
  <ncs-min-version>4.5</ncs-min-version>

  <component>
    <name>as_path_set_service_init_component</name>
    <application>
      <python-class-name>as_path_set_service.aspathset.ASPathSetService</python-class-name>
    </application>
  </component>
</ncs-package>
