<ncs-package xmlns="http://tail-f.com/ns/ncs-packages">
  <name>route-policy-service</name>
  <package-version>1.0</package-version>
  <description>First release of route policy service. This service provides an interface to configure route-policies on the real devices</description>
  <ncs-min-version>4.5</ncs-min-version>

  <component>
    <name>route_policy_service_init_component</name>
    <application>
      <python-class-name>route_policy_service.routepolicy.RoutePolicyService</python-class-name>
    </application>
  </component>
</ncs-package>
