<ncs-package xmlns="http://tail-f.com/ns/ncs-packages">
  <name>peering-service</name>
  <!-- v1.4 - restricted bgp neighbors to support single ipv4 and/or ipv6 neighbor and renamed module to peering in yang-->
  <!-- v1.3 - added encapsulation for sub-interface with vlan-id-->
  <!-- v1.2 - added sub-interface support-->
  <!-- v1.1 - added optional BGP parameters-->
  <package-version>1.4</package-version>
  <description>Template-based peering-service</description>
  <ncs-min-version>4.5</ncs-min-version>
</ncs-package>
